Lattice Timing Report -  Setup  and Hold, Version Radiant Software (64-bit) 2026.1.0.37.0

Tue Sep 15 06:38:26 2026

Copyright (c) 1991-1994 by NeoCAD Inc. All rights reserved.
Copyright (c) 1995 AT&T Corp.   All rights reserved.
Copyright (c) 1995-2001 Lucent Technologies Inc.  All rights reserved.
Copyright (c) 2001 Agere Systems   All rights reserved.
Copyright (c) 2002-2026 Lattice Semiconductor Corporation,  All rights reserved.

Command line:    timing -sethld -v 10 -u 10 -endpoints 10 -nperend 1 -sp High-Performance_1.2V -hsp m -pwrprd -html -rpt lab2_part2_JI_impl_1.twr lab2_part2_JI_impl_1.udb -gui -msgset C:/Users/jikehara/my_designs/lab2_part2_JI/promote.xml

-----------------------------------------
Design:          lab2_top
Family:          iCE40UP
Device:          iCE40UP5K
Package:         SG48
Performance:     High-Performance_1.2V
Package Status:                     Preliminary    Version 1.5
**Performance Hardware Data Status :   Advanced Version 1.0
-----------------------------------------


=====================================================================
                    Table of Contents
=====================================================================
    1  Timing Overview
        1.1  SDC Constraints
        1.2  Constraint Coverage
        1.3  Overall Summary
        1.4  Unconstrained Report
        1.5  Combinational Loop
    2  Setup at Speed Grade High-Performance_1.2V Corner at 100 Degrees
        2.1  Clock Summary
        2.2  Endpoint slacks
        2.3  Detailed Report
    3  Hold at Speed Grade m Corner at -40 Degrees
        3.1  Endpoint slacks
        3.2  Detailed Report

=====================================================================
                    End of Table of Contents
=====================================================================

==============================================
1  Timing Overview
==============================================

1.1  SDC Constraints
=====================
create_clock -name {int_osc} -period 20.8333 [get_pins {hf_osc/CLKHF }] 

1.2  Constraint Coverage
---------------------------
Constraint Coverage: 59.5041%


1.3  Overall Summary
---------------------------
 Setup at Speed Grade High-Performance_1.2V Corner at 100 Degrees     Timing Errors: 0 endpoints;  Total Negative Slack: 0.000 ns 
 Hold at Speed Grade m Corner at -40 Degrees                          Timing Errors: 0 endpoints;  Total Negative Slack: 0.000 ns 

1.4  Unconstrained Report
===========================

1.4.1  Unconstrained Start/End Points
--------------------------------------

Clocked but unconstrained timing start points
--------------------------------------------------
There is no start point satisfying reporting criteria


Clocked but unconstrained timing end points
--------------------------------------------------
There is no end point satisfying reporting criteria


1.4.2  Start/End Points Without Timing Constraints
---------------------------------------------------

I/O ports without constraint
----------------------------
Possible constraints to use on I/O ports are:
set_input_delay,
set_output_delay,
set_max_delay,
create_clock,
create_generated_clock,
...

-------------------------------------------------------------------
     Listing 10 Start or End Points     |           Type           
-------------------------------------------------------------------
reset                                   |                     input
keypad_col[3]                           |                     input
keypad_col[2]                           |                     input
keypad_col[1]                           |                     input
keypad_col[0]                           |                     input
led[0]                                  |                    output
led[1]                                  |                    output
keypad_row[3]                           |                    output
keypad_row[2]                           |                    output
keypad_row[1]                           |                    output
-------------------------------------------------------------------
                                        |                          
Number of I/O ports without constraint  |                        13
                                        |                          
-------------------------------------------------------------------

Nets without clock definition
Define a clock on a top level port or a generated clock on a clock divider pin associated with this net(s).
--------------------------------------------------
There is no instance satisfying reporting criteria



1.5  Combinational Loop
========================
None

===============================================================
2  Setup at Speed Grade High-Performance_1.2V Corner at 100 Degrees
===============================================================

2.1  Clock Summary
=======================

2.1.1 Clock "int_osc"
=======================
create_clock -name {int_osc} -period 20.8333 [get_pins {hf_osc/CLKHF }] 

Single Clock Domain
-------------------------------------------------------------------------------------------------------
             Clock int_osc              |                    |       Period       |     Frequency      
-------------------------------------------------------------------------------------------------------
 From int_osc                           |             Target |          20.833 ns |         48.000 MHz 
                                        | Actual (all paths) |          20.792 ns |         48.095 MHz 
hf_osc/CLKHF (MPW)                      |   (50% duty cycle) |          20.792 ns |         48.095 MHz 
-------------------------------------------------------------------------------------------------------

Clock Domain Crossing

2.2  Endpoint slacks
=======================
-------------------------------------------------------
          Listing 10 End Points          |    Slack    
-------------------------------------------------------
{scanner/scan_counter/count_182__i11/SR   scanner/scan_counter/count_182__i12/SR}              
                                         |    7.298 ns 
{scanner/scan_counter/count_182__i7/SR   scanner/scan_counter/count_182__i8/SR}              
                                         |    7.298 ns 
{scanner/scan_counter/count_182__i9/SR   scanner/scan_counter/count_182__i10/SR}              
                                         |    7.298 ns 
{scanner/scan_counter/count_182__i13/SR   scanner/scan_counter/count_182__i14/SR}              
                                         |    7.298 ns 
scanner/scan_counter/count_182__i24/D    |    7.709 ns 
{scanner/scan_counter/count_182__i19/SR   scanner/scan_counter/count_182__i20/SR}              
                                         |    7.813 ns 
{scanner/scan_counter/count_182__i15/SR   scanner/scan_counter/count_182__i16/SR}              
                                         |    7.813 ns 
{scanner/scan_counter/count_182__i21/SR   scanner/scan_counter/count_182__i22/SR}              
                                         |    7.813 ns 
{scanner/scan_counter/count_182__i17/SR   scanner/scan_counter/count_182__i18/SR}              
                                         |    7.813 ns 
{scanner/scan_counter/count_182__i1/SR   scanner/scan_counter/count_182__i2/SR}              
                                         |    7.892 ns 
-------------------------------------------------------
                                         |             
Setup # of endpoints with negative slack:|           0 
                                         |             
-------------------------------------------------------

2.3  Detailed Report
=======================


XXXXXXXXXXXXXXXXXXXXXXXXXXXXXXXXXXXXXXXXXXXXXXXXXXXXXXXXXX

Detail report of critical paths

XXXXXXXXXXXXXXXXXXXXXXXXXXXXXXXXXXXXXXXXXXXXXXXXXXXXXXXXXX

+++++++++++++++++++++++++++++++++++++++++++++++++++++++++++++++++++++ 
                    Detailed Report for timing paths 
+++++++++++++++++++++++++++++++++++++++++++++++++++++++++++++++++++++ 

++++ Path 1 ++++++++++++++++++++++++++++++++++++++++++++++++++++++++++ 

Path Begin       : scanner/scan_counter/count_182__i3/Q  (SLICE_R14C3C)
Path End         : {scanner/scan_counter/count_182__i11/SR   scanner/scan_counter/count_182__i12/SR}  (SLICE_R14C4C)
Source Clock     : int_osc (R)
Destination Clock: int_osc (R)
Logic Level      : 4
Delay Ratio      : 78.8% (route), 21.2% (logic)
Clock Skew       : 0.000 ns 
Setup Constraint : 20.833 ns 
Path Slack       : 7.298 ns  (Passed)


Source Clock Path
Name                                      Cell/Site Name     Delay Name       Incr      Arrival/Required Time  Fanout  
----------------------------------------  -----------------  ---------------  --------  ---------------------  ------  
hf_osc/CLKHF                              HFOSC_HFOSC_R1C32  CLOCK LATENCY       0.000                  0.000  14      
scanner/scan_counter/int_osc                                 NET DELAY           5.499                  5.499  14      
{scanner/scan_counter/count_182__i3/CK   scanner/scan_counter/count_182__i4/CK}
                                                             CLOCK PIN           0.000                  5.499  1       


Data Path
Name                                      Cell/Site Name     Delay Name       Incr      Arrival/Required Time  Fanout  
----------------------------------------  -----------------  ---------------  --------  ---------------------  ------  
scanner/scan_counter/count_182__i3/CK->scanner/scan_counter/count_182__i3/Q
                                          SLICE_R14C3C       CLK_TO_Q0_DELAY     1.388                  6.887  2       
scanner/scan_counter/count[3]                                NET DELAY           3.331                 10.218  2       
scanner/scan_counter/i709_4_lut/A->scanner/scan_counter/i709_4_lut/Z
                                          SLICE_R15C5C       A1_TO_F1_DELAY      0.449                 10.667  1       
scanner/scan_counter/n779                                    NET DELAY           2.763                 13.430  1       
scanner/scan_counter/i4_4_lut/A->scanner/scan_counter/i4_4_lut/Z
                                          SLICE_R15C3B       D0_TO_F0_DELAY      0.476                 13.906  1       
scanner/scan_counter/n11                                     NET DELAY           0.304                 14.210  1       
scanner/scan_counter/i796_4_lut/C->scanner/scan_counter/i796_4_lut/Z
                                          SLICE_R15C3B       C1_TO_F1_DELAY      0.449                 14.659  13      
scanner/scan_counter/n15                                     NET DELAY           3.846                 18.505  13      
{scanner/scan_counter/count_182__i11/SR   scanner/scan_counter/count_182__i12/SR}
                                                             ENDPOINT            0.000                 18.505  1       


Destination Clock Path
Name                                      Cell/Site Name     Delay Name       Incr      Arrival/Required Time  Fanout  
----------------------------------------  -----------------  ---------------  --------  ---------------------  ------  
                                                             CONSTRAINT          0.000                 20.833  1       
hf_osc/CLKHF                              HFOSC_HFOSC_R1C32  CLOCK LATENCY       0.000                 20.833  14      
scanner/scan_counter/int_osc                                 NET DELAY           5.499                 26.332  14      
{scanner/scan_counter/count_182__i11/CK   scanner/scan_counter/count_182__i12/CK}
                                                             CLOCK PIN           0.000                 26.332  1       
                                                             Uncertainty      -(0.000)                 26.332  
                                                             Setup time       -(0.529)                 25.803  
----------------------------------------  -----------------  ---------------  --------  ---------------------  ------  
Required Time                                                                                          25.803  
Arrival Time                                                                                        -(18.504)  
----------------------------------------  -----------------  ---------------  --------  ---------------------  ------  
Path Slack  (Passed)                                                                                    7.298  




++++ Path 2 ++++++++++++++++++++++++++++++++++++++++++++++++++++++++++ 

Path Begin       : scanner/scan_counter/count_182__i3/Q  (SLICE_R14C3C)
Path End         : {scanner/scan_counter/count_182__i7/SR   scanner/scan_counter/count_182__i8/SR}  (SLICE_R14C4A)
Source Clock     : int_osc (R)
Destination Clock: int_osc (R)
Logic Level      : 4
Delay Ratio      : 78.8% (route), 21.2% (logic)
Clock Skew       : 0.000 ns 
Setup Constraint : 20.833 ns 
Path Slack       : 7.298 ns  (Passed)


Source Clock Path
Name                                      Cell/Site Name     Delay Name       Incr      Arrival/Required Time  Fanout  
----------------------------------------  -----------------  ---------------  --------  ---------------------  ------  
hf_osc/CLKHF                              HFOSC_HFOSC_R1C32  CLOCK LATENCY       0.000                  0.000  14      
scanner/scan_counter/int_osc                                 NET DELAY           5.499                  5.499  14      
{scanner/scan_counter/count_182__i3/CK   scanner/scan_counter/count_182__i4/CK}
                                                             CLOCK PIN           0.000                  5.499  1       


Data Path
Name                                      Cell/Site Name     Delay Name       Incr      Arrival/Required Time  Fanout  
----------------------------------------  -----------------  ---------------  --------  ---------------------  ------  
scanner/scan_counter/count_182__i3/CK->scanner/scan_counter/count_182__i3/Q
                                          SLICE_R14C3C       CLK_TO_Q0_DELAY     1.388                  6.887  2       
scanner/scan_counter/count[3]                                NET DELAY           3.331                 10.218  2       
scanner/scan_counter/i709_4_lut/A->scanner/scan_counter/i709_4_lut/Z
                                          SLICE_R15C5C       A1_TO_F1_DELAY      0.449                 10.667  1       
scanner/scan_counter/n779                                    NET DELAY           2.763                 13.430  1       
scanner/scan_counter/i4_4_lut/A->scanner/scan_counter/i4_4_lut/Z
                                          SLICE_R15C3B       D0_TO_F0_DELAY      0.476                 13.906  1       
scanner/scan_counter/n11                                     NET DELAY           0.304                 14.210  1       
scanner/scan_counter/i796_4_lut/C->scanner/scan_counter/i796_4_lut/Z
                                          SLICE_R15C3B       C1_TO_F1_DELAY      0.449                 14.659  13      
scanner/scan_counter/n15                                     NET DELAY           3.846                 18.505  13      
{scanner/scan_counter/count_182__i7/SR   scanner/scan_counter/count_182__i8/SR}
                                                             ENDPOINT            0.000                 18.505  1       


Destination Clock Path
Name                                      Cell/Site Name     Delay Name       Incr      Arrival/Required Time  Fanout  
----------------------------------------  -----------------  ---------------  --------  ---------------------  ------  
                                                             CONSTRAINT          0.000                 20.833  1       
hf_osc/CLKHF                              HFOSC_HFOSC_R1C32  CLOCK LATENCY       0.000                 20.833  14      
scanner/scan_counter/int_osc                                 NET DELAY           5.499                 26.332  14      
{scanner/scan_counter/count_182__i7/CK   scanner/scan_counter/count_182__i8/CK}
                                                             CLOCK PIN           0.000                 26.332  1       
                                                             Uncertainty      -(0.000)                 26.332  
                                                             Setup time       -(0.529)                 25.803  
----------------------------------------  -----------------  ---------------  --------  ---------------------  ------  
Required Time                                                                                          25.803  
Arrival Time                                                                                        -(18.504)  
----------------------------------------  -----------------  ---------------  --------  ---------------------  ------  
Path Slack  (Passed)                                                                                    7.298  




++++ Path 3 ++++++++++++++++++++++++++++++++++++++++++++++++++++++++++ 

Path Begin       : scanner/scan_counter/count_182__i3/Q  (SLICE_R14C3C)
Path End         : {scanner/scan_counter/count_182__i9/SR   scanner/scan_counter/count_182__i10/SR}  (SLICE_R14C4B)
Source Clock     : int_osc (R)
Destination Clock: int_osc (R)
Logic Level      : 4
Delay Ratio      : 78.8% (route), 21.2% (logic)
Clock Skew       : 0.000 ns 
Setup Constraint : 20.833 ns 
Path Slack       : 7.298 ns  (Passed)


Source Clock Path
Name                                      Cell/Site Name     Delay Name       Incr      Arrival/Required Time  Fanout  
----------------------------------------  -----------------  ---------------  --------  ---------------------  ------  
hf_osc/CLKHF                              HFOSC_HFOSC_R1C32  CLOCK LATENCY       0.000                  0.000  14      
scanner/scan_counter/int_osc                                 NET DELAY           5.499                  5.499  14      
{scanner/scan_counter/count_182__i3/CK   scanner/scan_counter/count_182__i4/CK}
                                                             CLOCK PIN           0.000                  5.499  1       


Data Path
Name                                      Cell/Site Name     Delay Name       Incr      Arrival/Required Time  Fanout  
----------------------------------------  -----------------  ---------------  --------  ---------------------  ------  
scanner/scan_counter/count_182__i3/CK->scanner/scan_counter/count_182__i3/Q
                                          SLICE_R14C3C       CLK_TO_Q0_DELAY     1.388                  6.887  2       
scanner/scan_counter/count[3]                                NET DELAY           3.331                 10.218  2       
scanner/scan_counter/i709_4_lut/A->scanner/scan_counter/i709_4_lut/Z
                                          SLICE_R15C5C       A1_TO_F1_DELAY      0.449                 10.667  1       
scanner/scan_counter/n779                                    NET DELAY           2.763                 13.430  1       
scanner/scan_counter/i4_4_lut/A->scanner/scan_counter/i4_4_lut/Z
                                          SLICE_R15C3B       D0_TO_F0_DELAY      0.476                 13.906  1       
scanner/scan_counter/n11                                     NET DELAY           0.304                 14.210  1       
scanner/scan_counter/i796_4_lut/C->scanner/scan_counter/i796_4_lut/Z
                                          SLICE_R15C3B       C1_TO_F1_DELAY      0.449                 14.659  13      
scanner/scan_counter/n15                                     NET DELAY           3.846                 18.505  13      
{scanner/scan_counter/count_182__i9/SR   scanner/scan_counter/count_182__i10/SR}
                                                             ENDPOINT            0.000                 18.505  1       


Destination Clock Path
Name                                      Cell/Site Name     Delay Name       Incr      Arrival/Required Time  Fanout  
----------------------------------------  -----------------  ---------------  --------  ---------------------  ------  
                                                             CONSTRAINT          0.000                 20.833  1       
hf_osc/CLKHF                              HFOSC_HFOSC_R1C32  CLOCK LATENCY       0.000                 20.833  14      
scanner/scan_counter/int_osc                                 NET DELAY           5.499                 26.332  14      
{scanner/scan_counter/count_182__i9/CK   scanner/scan_counter/count_182__i10/CK}
                                                             CLOCK PIN           0.000                 26.332  1       
                                                             Uncertainty      -(0.000)                 26.332  
                                                             Setup time       -(0.529)                 25.803  
----------------------------------------  -----------------  ---------------  --------  ---------------------  ------  
Required Time                                                                                          25.803  
Arrival Time                                                                                        -(18.504)  
----------------------------------------  -----------------  ---------------  --------  ---------------------  ------  
Path Slack  (Passed)                                                                                    7.298  




++++ Path 4 ++++++++++++++++++++++++++++++++++++++++++++++++++++++++++ 

Path Begin       : scanner/scan_counter/count_182__i3/Q  (SLICE_R14C3C)
Path End         : {scanner/scan_counter/count_182__i13/SR   scanner/scan_counter/count_182__i14/SR}  (SLICE_R14C4D)
Source Clock     : int_osc (R)
Destination Clock: int_osc (R)
Logic Level      : 4
Delay Ratio      : 78.8% (route), 21.2% (logic)
Clock Skew       : 0.000 ns 
Setup Constraint : 20.833 ns 
Path Slack       : 7.298 ns  (Passed)


Source Clock Path
Name                                      Cell/Site Name     Delay Name       Incr      Arrival/Required Time  Fanout  
----------------------------------------  -----------------  ---------------  --------  ---------------------  ------  
hf_osc/CLKHF                              HFOSC_HFOSC_R1C32  CLOCK LATENCY       0.000                  0.000  14      
scanner/scan_counter/int_osc                                 NET DELAY           5.499                  5.499  14      
{scanner/scan_counter/count_182__i3/CK   scanner/scan_counter/count_182__i4/CK}
                                                             CLOCK PIN           0.000                  5.499  1       


Data Path
Name                                      Cell/Site Name     Delay Name       Incr      Arrival/Required Time  Fanout  
----------------------------------------  -----------------  ---------------  --------  ---------------------  ------  
scanner/scan_counter/count_182__i3/CK->scanner/scan_counter/count_182__i3/Q
                                          SLICE_R14C3C       CLK_TO_Q0_DELAY     1.388                  6.887  2       
scanner/scan_counter/count[3]                                NET DELAY           3.331                 10.218  2       
scanner/scan_counter/i709_4_lut/A->scanner/scan_counter/i709_4_lut/Z
                                          SLICE_R15C5C       A1_TO_F1_DELAY      0.449                 10.667  1       
scanner/scan_counter/n779                                    NET DELAY           2.763                 13.430  1       
scanner/scan_counter/i4_4_lut/A->scanner/scan_counter/i4_4_lut/Z
                                          SLICE_R15C3B       D0_TO_F0_DELAY      0.476                 13.906  1       
scanner/scan_counter/n11                                     NET DELAY           0.304                 14.210  1       
scanner/scan_counter/i796_4_lut/C->scanner/scan_counter/i796_4_lut/Z
                                          SLICE_R15C3B       C1_TO_F1_DELAY      0.449                 14.659  13      
scanner/scan_counter/n15                                     NET DELAY           3.846                 18.505  13      
{scanner/scan_counter/count_182__i13/SR   scanner/scan_counter/count_182__i14/SR}
                                                             ENDPOINT            0.000                 18.505  1       


Destination Clock Path
Name                                      Cell/Site Name     Delay Name       Incr      Arrival/Required Time  Fanout  
----------------------------------------  -----------------  ---------------  --------  ---------------------  ------  
                                                             CONSTRAINT          0.000                 20.833  1       
hf_osc/CLKHF                              HFOSC_HFOSC_R1C32  CLOCK LATENCY       0.000                 20.833  14      
scanner/scan_counter/int_osc                                 NET DELAY           5.499                 26.332  14      
{scanner/scan_counter/count_182__i13/CK   scanner/scan_counter/count_182__i14/CK}
                                                             CLOCK PIN           0.000                 26.332  1       
                                                             Uncertainty      -(0.000)                 26.332  
                                                             Setup time       -(0.529)                 25.803  
----------------------------------------  -----------------  ---------------  --------  ---------------------  ------  
Required Time                                                                                          25.803  
Arrival Time                                                                                        -(18.504)  
----------------------------------------  -----------------  ---------------  --------  ---------------------  ------  
Path Slack  (Passed)                                                                                    7.298  




++++ Path 5 ++++++++++++++++++++++++++++++++++++++++++++++++++++++++++ 

Path Begin       : scanner/scan_counter/count_182__i0/Q  (SLICE_R14C3A)
Path End         : scanner/scan_counter/count_182__i24/D  (SLICE_R14C6A)
Source Clock     : int_osc (R)
Destination Clock: int_osc (R)
Logic Level      : 26
Delay Ratio      : 33.6% (route), 66.4% (logic)
Clock Skew       : 0.000 ns 
Setup Constraint : 20.833 ns 
Path Slack       : 7.709 ns  (Passed)


Source Clock Path
Name                                      Cell/Site Name     Delay Name           Incr      Arrival/Required Time  Fanout  
----------------------------------------  -----------------  -------------------  --------  ---------------------  ------  
hf_osc/CLKHF                              HFOSC_HFOSC_R1C32  CLOCK LATENCY           0.000                  0.000  14      
scanner/scan_counter/int_osc                                 NET DELAY               5.499                  5.499  14      
scanner/scan_counter/count_182__i0/CK                        CLOCK PIN               0.000                  5.499  1       


Data Path
Name                                      Cell/Site Name     Delay Name           Incr      Arrival/Required Time  Fanout  
----------------------------------------  -----------------  -------------------  --------  ---------------------  ------  
scanner/scan_counter/count_182__i0/CK->scanner/scan_counter/count_182__i0/Q
                                          SLICE_R14C3A       CLK_TO_Q1_DELAY         1.388                  6.887  2       
scanner/scan_counter/count[0]                                NET DELAY               2.022                  8.909  2       
scanner/scan_counter/count_182_add_4_1/C1->scanner/scan_counter/count_182_add_4_1/CO1
                                          SLICE_R14C3A       C1_TO_COUT1_DELAY       0.343                  9.252  2       
scanner/scan_counter/n540                                    NET DELAY               0.000                  9.252  2       
scanner/scan_counter/count_182_add_4_3/CI0->scanner/scan_counter/count_182_add_4_3/CO0
                                          SLICE_R14C3B       CIN0_TO_COUT0_DELAY     0.277                  9.529  2       
scanner/scan_counter/n1018                                   NET DELAY               0.000                  9.529  2       
scanner/scan_counter/count_182_add_4_3/CI1->scanner/scan_counter/count_182_add_4_3/CO1
                                          SLICE_R14C3B       CIN1_TO_COUT1_DELAY     0.277                  9.806  2       
scanner/scan_counter/n542                                    NET DELAY               0.000                  9.806  2       
scanner/scan_counter/count_182_add_4_5/CI0->scanner/scan_counter/count_182_add_4_5/CO0
                                          SLICE_R14C3C       CIN0_TO_COUT0_DELAY     0.277                 10.083  2       
scanner/scan_counter/n1021                                   NET DELAY               0.000                 10.083  2       
scanner/scan_counter/count_182_add_4_5/CI1->scanner/scan_counter/count_182_add_4_5/CO1
                                          SLICE_R14C3C       CIN1_TO_COUT1_DELAY     0.277                 10.360  2       
scanner/scan_counter/n544                                    NET DELAY               0.000                 10.360  2       
scanner/scan_counter/count_182_add_4_7/CI0->scanner/scan_counter/count_182_add_4_7/CO0
                                          SLICE_R14C3D       CIN0_TO_COUT0_DELAY     0.277                 10.637  2       
scanner/scan_counter/n1024                                   NET DELAY               0.000                 10.637  2       
scanner/scan_counter/count_182_add_4_7/CI1->scanner/scan_counter/count_182_add_4_7/CO1
                                          SLICE_R14C3D       CIN1_TO_COUT1_DELAY     0.277                 10.914  2       
scanner/scan_counter/n546                                    NET DELAY               0.555                 11.469  2       
scanner/scan_counter/count_182_add_4_9/CI0->scanner/scan_counter/count_182_add_4_9/CO0
                                          SLICE_R14C4A       CIN0_TO_COUT0_DELAY     0.277                 11.746  2       
scanner/scan_counter/n1027                                   NET DELAY               0.000                 11.746  2       
scanner/scan_counter/count_182_add_4_9/CI1->scanner/scan_counter/count_182_add_4_9/CO1
                                          SLICE_R14C4A       CIN1_TO_COUT1_DELAY     0.277                 12.023  2       
scanner/scan_counter/n548                                    NET DELAY               0.000                 12.023  2       
scanner/scan_counter/count_182_add_4_11/CI0->scanner/scan_counter/count_182_add_4_11/CO0
                                          SLICE_R14C4B       CIN0_TO_COUT0_DELAY     0.277                 12.300  2       
scanner/scan_counter/n1030                                   NET DELAY               0.000                 12.300  2       
scanner/scan_counter/count_182_add_4_11/CI1->scanner/scan_counter/count_182_add_4_11/CO1
                                          SLICE_R14C4B       CIN1_TO_COUT1_DELAY     0.277                 12.577  2       
scanner/scan_counter/n550                                    NET DELAY               0.000                 12.577  2       
scanner/scan_counter/count_182_add_4_13/CI0->scanner/scan_counter/count_182_add_4_13/CO0
                                          SLICE_R14C4C       CIN0_TO_COUT0_DELAY     0.277                 12.854  2       
scanner/scan_counter/n1033                                   NET DELAY               0.000                 12.854  2       
scanner/scan_counter/count_182_add_4_13/CI1->scanner/scan_counter/count_182_add_4_13/CO1
                                          SLICE_R14C4C       CIN1_TO_COUT1_DELAY     0.277                 13.131  2       
scanner/scan_counter/n552                                    NET DELAY               0.000                 13.131  2       
scanner/scan_counter/count_182_add_4_15/CI0->scanner/scan_counter/count_182_add_4_15/CO0
                                          SLICE_R14C4D       CIN0_TO_COUT0_DELAY     0.277                 13.408  2       
scanner/scan_counter/n1036                                   NET DELAY               0.000                 13.408  2       
scanner/scan_counter/count_182_add_4_15/CI1->scanner/scan_counter/count_182_add_4_15/CO1
                                          SLICE_R14C4D       CIN1_TO_COUT1_DELAY     0.277                 13.685  2       
scanner/scan_counter/n554                                    NET DELAY               0.555                 14.240  2       
scanner/scan_counter/count_182_add_4_17/CI0->scanner/scan_counter/count_182_add_4_17/CO0
                                          SLICE_R14C5A       CIN0_TO_COUT0_DELAY     0.277                 14.517  2       
scanner/scan_counter/n1039                                   NET DELAY               0.000                 14.517  2       
scanner/scan_counter/count_182_add_4_17/CI1->scanner/scan_counter/count_182_add_4_17/CO1
                                          SLICE_R14C5A       CIN1_TO_COUT1_DELAY     0.277                 14.794  2       
scanner/scan_counter/n556                                    NET DELAY               0.000                 14.794  2       
scanner/scan_counter/count_182_add_4_19/CI0->scanner/scan_counter/count_182_add_4_19/CO0
                                          SLICE_R14C5B       CIN0_TO_COUT0_DELAY     0.277                 15.071  2       
scanner/scan_counter/n1042                                   NET DELAY               0.000                 15.071  2       
scanner/scan_counter/count_182_add_4_19/CI1->scanner/scan_counter/count_182_add_4_19/CO1
                                          SLICE_R14C5B       CIN1_TO_COUT1_DELAY     0.277                 15.348  2       
scanner/scan_counter/n558                                    NET DELAY               0.000                 15.348  2       
scanner/scan_counter/count_182_add_4_21/CI0->scanner/scan_counter/count_182_add_4_21/CO0
                                          SLICE_R14C5C       CIN0_TO_COUT0_DELAY     0.277                 15.625  2       
scanner/scan_counter/n1045                                   NET DELAY               0.000                 15.625  2       
scanner/scan_counter/count_182_add_4_21/CI1->scanner/scan_counter/count_182_add_4_21/CO1
                                          SLICE_R14C5C       CIN1_TO_COUT1_DELAY     0.277                 15.902  2       
scanner/scan_counter/n560                                    NET DELAY               0.000                 15.902  2       
scanner/scan_counter/count_182_add_4_23/CI0->scanner/scan_counter/count_182_add_4_23/CO0
                                          SLICE_R14C5D       CIN0_TO_COUT0_DELAY     0.277                 16.179  2       
scanner/scan_counter/n1048                                   NET DELAY               0.000                 16.179  2       
scanner/scan_counter/count_182_add_4_23/CI1->scanner/scan_counter/count_182_add_4_23/CO1
                                          SLICE_R14C5D       CIN1_TO_COUT1_DELAY     0.277                 16.456  2       
scanner/scan_counter/n562                                    NET DELAY               0.555                 17.011  2       
scanner/scan_counter/count_182_add_4_25/CI0->scanner/scan_counter/count_182_add_4_25/CO0
                                          SLICE_R14C6A       CIN0_TO_COUT0_DELAY     0.277                 17.288  2       
scanner/scan_counter/n1051                                   NET DELAY               0.661                 17.949  2       
scanner/scan_counter/count_182_add_4_25/D1->scanner/scan_counter/count_182_add_4_25/S1
                                          SLICE_R14C6A       D1_TO_F1_DELAY          0.476                 18.425  1       
scanner/scan_counter/n105[24]                                NET DELAY               0.000                 18.425  1       
scanner/scan_counter/count_182__i24/D                        ENDPOINT                0.000                 18.425  1       


Destination Clock Path
Name                                      Cell/Site Name     Delay Name           Incr      Arrival/Required Time  Fanout  
----------------------------------------  -----------------  -------------------  --------  ---------------------  ------  
                                                             CONSTRAINT              0.000                 20.833  1       
hf_osc/CLKHF                              HFOSC_HFOSC_R1C32  CLOCK LATENCY           0.000                 20.833  14      
scanner/scan_counter/int_osc                                 NET DELAY               5.499                 26.332  14      
{scanner/scan_counter/count_182__i23/CK   scanner/scan_counter/count_182__i24/CK}
                                                             CLOCK PIN               0.000                 26.332  1       
                                                             Uncertainty          -(0.000)                 26.332  
                                                             Setup time           -(0.198)                 26.134  
----------------------------------------  -----------------  -------------------  --------  ---------------------  ------  
Required Time                                                                                              26.134  
Arrival Time                                                                                            -(18.424)  
----------------------------------------  -----------------  -------------------  --------  ---------------------  ------  
Path Slack  (Passed)                                                                                        7.709  




++++ Path 6 ++++++++++++++++++++++++++++++++++++++++++++++++++++++++++ 

Path Begin       : scanner/scan_counter/count_182__i3/Q  (SLICE_R14C3C)
Path End         : {scanner/scan_counter/count_182__i19/SR   scanner/scan_counter/count_182__i20/SR}  (SLICE_R14C5C)
Source Clock     : int_osc (R)
Destination Clock: int_osc (R)
Logic Level      : 4
Delay Ratio      : 77.9% (route), 22.1% (logic)
Clock Skew       : 0.000 ns 
Setup Constraint : 20.833 ns 
Path Slack       : 7.813 ns  (Passed)


Source Clock Path
Name                                      Cell/Site Name     Delay Name       Incr      Arrival/Required Time  Fanout  
----------------------------------------  -----------------  ---------------  --------  ---------------------  ------  
hf_osc/CLKHF                              HFOSC_HFOSC_R1C32  CLOCK LATENCY       0.000                  0.000  14      
scanner/scan_counter/int_osc                                 NET DELAY           5.499                  5.499  14      
{scanner/scan_counter/count_182__i3/CK   scanner/scan_counter/count_182__i4/CK}
                                                             CLOCK PIN           0.000                  5.499  1       


Data Path
Name                                      Cell/Site Name     Delay Name       Incr      Arrival/Required Time  Fanout  
----------------------------------------  -----------------  ---------------  --------  ---------------------  ------  
scanner/scan_counter/count_182__i3/CK->scanner/scan_counter/count_182__i3/Q
                                          SLICE_R14C3C       CLK_TO_Q0_DELAY     1.388                  6.887  2       
scanner/scan_counter/count[3]                                NET DELAY           3.331                 10.218  2       
scanner/scan_counter/i709_4_lut/A->scanner/scan_counter/i709_4_lut/Z
                                          SLICE_R15C5C       A1_TO_F1_DELAY      0.449                 10.667  1       
scanner/scan_counter/n779                                    NET DELAY           2.763                 13.430  1       
scanner/scan_counter/i4_4_lut/A->scanner/scan_counter/i4_4_lut/Z
                                          SLICE_R15C3B       D0_TO_F0_DELAY      0.476                 13.906  1       
scanner/scan_counter/n11                                     NET DELAY           0.304                 14.210  1       
scanner/scan_counter/i796_4_lut/C->scanner/scan_counter/i796_4_lut/Z
                                          SLICE_R15C3B       C1_TO_F1_DELAY      0.449                 14.659  13      
scanner/scan_counter/n15                                     NET DELAY           3.331                 17.990  13      
{scanner/scan_counter/count_182__i19/SR   scanner/scan_counter/count_182__i20/SR}
                                                             ENDPOINT            0.000                 17.990  1       


Destination Clock Path
Name                                      Cell/Site Name     Delay Name       Incr      Arrival/Required Time  Fanout  
----------------------------------------  -----------------  ---------------  --------  ---------------------  ------  
                                                             CONSTRAINT          0.000                 20.833  1       
hf_osc/CLKHF                              HFOSC_HFOSC_R1C32  CLOCK LATENCY       0.000                 20.833  14      
scanner/scan_counter/int_osc                                 NET DELAY           5.499                 26.332  14      
{scanner/scan_counter/count_182__i19/CK   scanner/scan_counter/count_182__i20/CK}
                                                             CLOCK PIN           0.000                 26.332  1       
                                                             Uncertainty      -(0.000)                 26.332  
                                                             Setup time       -(0.529)                 25.803  
----------------------------------------  -----------------  ---------------  --------  ---------------------  ------  
Required Time                                                                                          25.803  
Arrival Time                                                                                        -(17.989)  
----------------------------------------  -----------------  ---------------  --------  ---------------------  ------  
Path Slack  (Passed)                                                                                    7.813  




++++ Path 7 ++++++++++++++++++++++++++++++++++++++++++++++++++++++++++ 

Path Begin       : scanner/scan_counter/count_182__i3/Q  (SLICE_R14C3C)
Path End         : {scanner/scan_counter/count_182__i15/SR   scanner/scan_counter/count_182__i16/SR}  (SLICE_R14C5A)
Source Clock     : int_osc (R)
Destination Clock: int_osc (R)
Logic Level      : 4
Delay Ratio      : 77.9% (route), 22.1% (logic)
Clock Skew       : 0.000 ns 
Setup Constraint : 20.833 ns 
Path Slack       : 7.813 ns  (Passed)


Source Clock Path
Name                                      Cell/Site Name     Delay Name       Incr      Arrival/Required Time  Fanout  
----------------------------------------  -----------------  ---------------  --------  ---------------------  ------  
hf_osc/CLKHF                              HFOSC_HFOSC_R1C32  CLOCK LATENCY       0.000                  0.000  14      
scanner/scan_counter/int_osc                                 NET DELAY           5.499                  5.499  14      
{scanner/scan_counter/count_182__i3/CK   scanner/scan_counter/count_182__i4/CK}
                                                             CLOCK PIN           0.000                  5.499  1       


Data Path
Name                                      Cell/Site Name     Delay Name       Incr      Arrival/Required Time  Fanout  
----------------------------------------  -----------------  ---------------  --------  ---------------------  ------  
scanner/scan_counter/count_182__i3/CK->scanner/scan_counter/count_182__i3/Q
                                          SLICE_R14C3C       CLK_TO_Q0_DELAY     1.388                  6.887  2       
scanner/scan_counter/count[3]                                NET DELAY           3.331                 10.218  2       
scanner/scan_counter/i709_4_lut/A->scanner/scan_counter/i709_4_lut/Z
                                          SLICE_R15C5C       A1_TO_F1_DELAY      0.449                 10.667  1       
scanner/scan_counter/n779                                    NET DELAY           2.763                 13.430  1       
scanner/scan_counter/i4_4_lut/A->scanner/scan_counter/i4_4_lut/Z
                                          SLICE_R15C3B       D0_TO_F0_DELAY      0.476                 13.906  1       
scanner/scan_counter/n11                                     NET DELAY           0.304                 14.210  1       
scanner/scan_counter/i796_4_lut/C->scanner/scan_counter/i796_4_lut/Z
                                          SLICE_R15C3B       C1_TO_F1_DELAY      0.449                 14.659  13      
scanner/scan_counter/n15                                     NET DELAY           3.331                 17.990  13      
{scanner/scan_counter/count_182__i15/SR   scanner/scan_counter/count_182__i16/SR}
                                                             ENDPOINT            0.000                 17.990  1       


Destination Clock Path
Name                                      Cell/Site Name     Delay Name       Incr      Arrival/Required Time  Fanout  
----------------------------------------  -----------------  ---------------  --------  ---------------------  ------  
                                                             CONSTRAINT          0.000                 20.833  1       
hf_osc/CLKHF                              HFOSC_HFOSC_R1C32  CLOCK LATENCY       0.000                 20.833  14      
scanner/scan_counter/int_osc                                 NET DELAY           5.499                 26.332  14      
{scanner/scan_counter/count_182__i15/CK   scanner/scan_counter/count_182__i16/CK}
                                                             CLOCK PIN           0.000                 26.332  1       
                                                             Uncertainty      -(0.000)                 26.332  
                                                             Setup time       -(0.529)                 25.803  
----------------------------------------  -----------------  ---------------  --------  ---------------------  ------  
Required Time                                                                                          25.803  
Arrival Time                                                                                        -(17.989)  
----------------------------------------  -----------------  ---------------  --------  ---------------------  ------  
Path Slack  (Passed)                                                                                    7.813  




++++ Path 8 ++++++++++++++++++++++++++++++++++++++++++++++++++++++++++ 

Path Begin       : scanner/scan_counter/count_182__i3/Q  (SLICE_R14C3C)
Path End         : {scanner/scan_counter/count_182__i21/SR   scanner/scan_counter/count_182__i22/SR}  (SLICE_R14C5D)
Source Clock     : int_osc (R)
Destination Clock: int_osc (R)
Logic Level      : 4
Delay Ratio      : 77.9% (route), 22.1% (logic)
Clock Skew       : 0.000 ns 
Setup Constraint : 20.833 ns 
Path Slack       : 7.813 ns  (Passed)


Source Clock Path
Name                                      Cell/Site Name     Delay Name       Incr      Arrival/Required Time  Fanout  
----------------------------------------  -----------------  ---------------  --------  ---------------------  ------  
hf_osc/CLKHF                              HFOSC_HFOSC_R1C32  CLOCK LATENCY       0.000                  0.000  14      
scanner/scan_counter/int_osc                                 NET DELAY           5.499                  5.499  14      
{scanner/scan_counter/count_182__i3/CK   scanner/scan_counter/count_182__i4/CK}
                                                             CLOCK PIN           0.000                  5.499  1       


Data Path
Name                                      Cell/Site Name     Delay Name       Incr      Arrival/Required Time  Fanout  
----------------------------------------  -----------------  ---------------  --------  ---------------------  ------  
scanner/scan_counter/count_182__i3/CK->scanner/scan_counter/count_182__i3/Q
                                          SLICE_R14C3C       CLK_TO_Q0_DELAY     1.388                  6.887  2       
scanner/scan_counter/count[3]                                NET DELAY           3.331                 10.218  2       
scanner/scan_counter/i709_4_lut/A->scanner/scan_counter/i709_4_lut/Z
                                          SLICE_R15C5C       A1_TO_F1_DELAY      0.449                 10.667  1       
scanner/scan_counter/n779                                    NET DELAY           2.763                 13.430  1       
scanner/scan_counter/i4_4_lut/A->scanner/scan_counter/i4_4_lut/Z
                                          SLICE_R15C3B       D0_TO_F0_DELAY      0.476                 13.906  1       
scanner/scan_counter/n11                                     NET DELAY           0.304                 14.210  1       
scanner/scan_counter/i796_4_lut/C->scanner/scan_counter/i796_4_lut/Z
                                          SLICE_R15C3B       C1_TO_F1_DELAY      0.449                 14.659  13      
scanner/scan_counter/n15                                     NET DELAY           3.331                 17.990  13      
{scanner/scan_counter/count_182__i21/SR   scanner/scan_counter/count_182__i22/SR}
                                                             ENDPOINT            0.000                 17.990  1       


Destination Clock Path
Name                                      Cell/Site Name     Delay Name       Incr      Arrival/Required Time  Fanout  
----------------------------------------  -----------------  ---------------  --------  ---------------------  ------  
                                                             CONSTRAINT          0.000                 20.833  1       
hf_osc/CLKHF                              HFOSC_HFOSC_R1C32  CLOCK LATENCY       0.000                 20.833  14      
scanner/scan_counter/int_osc                                 NET DELAY           5.499                 26.332  14      
{scanner/scan_counter/count_182__i21/CK   scanner/scan_counter/count_182__i22/CK}
                                                             CLOCK PIN           0.000                 26.332  1       
                                                             Uncertainty      -(0.000)                 26.332  
                                                             Setup time       -(0.529)                 25.803  
----------------------------------------  -----------------  ---------------  --------  ---------------------  ------  
Required Time                                                                                          25.803  
Arrival Time                                                                                        -(17.989)  
----------------------------------------  -----------------  ---------------  --------  ---------------------  ------  
Path Slack  (Passed)                                                                                    7.813  




++++ Path 9 ++++++++++++++++++++++++++++++++++++++++++++++++++++++++++ 

Path Begin       : scanner/scan_counter/count_182__i3/Q  (SLICE_R14C3C)
Path End         : {scanner/scan_counter/count_182__i17/SR   scanner/scan_counter/count_182__i18/SR}  (SLICE_R14C5B)
Source Clock     : int_osc (R)
Destination Clock: int_osc (R)
Logic Level      : 4
Delay Ratio      : 77.9% (route), 22.1% (logic)
Clock Skew       : 0.000 ns 
Setup Constraint : 20.833 ns 
Path Slack       : 7.813 ns  (Passed)


Source Clock Path
Name                                      Cell/Site Name     Delay Name       Incr      Arrival/Required Time  Fanout  
----------------------------------------  -----------------  ---------------  --------  ---------------------  ------  
hf_osc/CLKHF                              HFOSC_HFOSC_R1C32  CLOCK LATENCY       0.000                  0.000  14      
scanner/scan_counter/int_osc                                 NET DELAY           5.499                  5.499  14      
{scanner/scan_counter/count_182__i3/CK   scanner/scan_counter/count_182__i4/CK}
                                                             CLOCK PIN           0.000                  5.499  1       


Data Path
Name                                      Cell/Site Name     Delay Name       Incr      Arrival/Required Time  Fanout  
----------------------------------------  -----------------  ---------------  --------  ---------------------  ------  
scanner/scan_counter/count_182__i3/CK->scanner/scan_counter/count_182__i3/Q
                                          SLICE_R14C3C       CLK_TO_Q0_DELAY     1.388                  6.887  2       
scanner/scan_counter/count[3]                                NET DELAY           3.331                 10.218  2       
scanner/scan_counter/i709_4_lut/A->scanner/scan_counter/i709_4_lut/Z
                                          SLICE_R15C5C       A1_TO_F1_DELAY      0.449                 10.667  1       
scanner/scan_counter/n779                                    NET DELAY           2.763                 13.430  1       
scanner/scan_counter/i4_4_lut/A->scanner/scan_counter/i4_4_lut/Z
                                          SLICE_R15C3B       D0_TO_F0_DELAY      0.476                 13.906  1       
scanner/scan_counter/n11                                     NET DELAY           0.304                 14.210  1       
scanner/scan_counter/i796_4_lut/C->scanner/scan_counter/i796_4_lut/Z
                                          SLICE_R15C3B       C1_TO_F1_DELAY      0.449                 14.659  13      
scanner/scan_counter/n15                                     NET DELAY           3.331                 17.990  13      
{scanner/scan_counter/count_182__i17/SR   scanner/scan_counter/count_182__i18/SR}
                                                             ENDPOINT            0.000                 17.990  1       


Destination Clock Path
Name                                      Cell/Site Name     Delay Name       Incr      Arrival/Required Time  Fanout  
----------------------------------------  -----------------  ---------------  --------  ---------------------  ------  
                                                             CONSTRAINT          0.000                 20.833  1       
hf_osc/CLKHF                              HFOSC_HFOSC_R1C32  CLOCK LATENCY       0.000                 20.833  14      
scanner/scan_counter/int_osc                                 NET DELAY           5.499                 26.332  14      
{scanner/scan_counter/count_182__i17/CK   scanner/scan_counter/count_182__i18/CK}
                                                             CLOCK PIN           0.000                 26.332  1       
                                                             Uncertainty      -(0.000)                 26.332  
                                                             Setup time       -(0.529)                 25.803  
----------------------------------------  -----------------  ---------------  --------  ---------------------  ------  
Required Time                                                                                          25.803  
Arrival Time                                                                                        -(17.989)  
----------------------------------------  -----------------  ---------------  --------  ---------------------  ------  
Path Slack  (Passed)                                                                                    7.813  




++++ Path 10 ++++++++++++++++++++++++++++++++++++++++++++++++++++++++++ 

Path Begin       : scanner/scan_counter/count_182__i3/Q  (SLICE_R14C3C)
Path End         : {scanner/scan_counter/count_182__i1/SR   scanner/scan_counter/count_182__i2/SR}  (SLICE_R14C3B)
Source Clock     : int_osc (R)
Destination Clock: int_osc (R)
Logic Level      : 4
Delay Ratio      : 77.7% (route), 22.3% (logic)
Clock Skew       : 0.000 ns 
Setup Constraint : 20.833 ns 
Path Slack       : 7.892 ns  (Passed)


Source Clock Path
Name                                      Cell/Site Name     Delay Name       Incr      Arrival/Required Time  Fanout  
----------------------------------------  -----------------  ---------------  --------  ---------------------  ------  
hf_osc/CLKHF                              HFOSC_HFOSC_R1C32  CLOCK LATENCY       0.000                  0.000  14      
scanner/scan_counter/int_osc                                 NET DELAY           5.499                  5.499  14      
{scanner/scan_counter/count_182__i3/CK   scanner/scan_counter/count_182__i4/CK}
                                                             CLOCK PIN           0.000                  5.499  1       


Data Path
Name                                      Cell/Site Name     Delay Name       Incr      Arrival/Required Time  Fanout  
----------------------------------------  -----------------  ---------------  --------  ---------------------  ------  
scanner/scan_counter/count_182__i3/CK->scanner/scan_counter/count_182__i3/Q
                                          SLICE_R14C3C       CLK_TO_Q0_DELAY     1.388                  6.887  2       
scanner/scan_counter/count[3]                                NET DELAY           3.331                 10.218  2       
scanner/scan_counter/i709_4_lut/A->scanner/scan_counter/i709_4_lut/Z
                                          SLICE_R15C5C       A1_TO_F1_DELAY      0.449                 10.667  1       
scanner/scan_counter/n779                                    NET DELAY           2.763                 13.430  1       
scanner/scan_counter/i4_4_lut/A->scanner/scan_counter/i4_4_lut/Z
                                          SLICE_R15C3B       D0_TO_F0_DELAY      0.476                 13.906  1       
scanner/scan_counter/n11                                     NET DELAY           0.304                 14.210  1       
scanner/scan_counter/i796_4_lut/C->scanner/scan_counter/i796_4_lut/Z
                                          SLICE_R15C3B       C1_TO_F1_DELAY      0.449                 14.659  13      
scanner/scan_counter/n15                                     NET DELAY           3.252                 17.911  13      
{scanner/scan_counter/count_182__i1/SR   scanner/scan_counter/count_182__i2/SR}
                                                             ENDPOINT            0.000                 17.911  1       


Destination Clock Path
Name                                      Cell/Site Name     Delay Name       Incr      Arrival/Required Time  Fanout  
----------------------------------------  -----------------  ---------------  --------  ---------------------  ------  
                                                             CONSTRAINT          0.000                 20.833  1       
hf_osc/CLKHF                              HFOSC_HFOSC_R1C32  CLOCK LATENCY       0.000                 20.833  14      
scanner/scan_counter/int_osc                                 NET DELAY           5.499                 26.332  14      
{scanner/scan_counter/count_182__i1/CK   scanner/scan_counter/count_182__i2/CK}
                                                             CLOCK PIN           0.000                 26.332  1       
                                                             Uncertainty      -(0.000)                 26.332  
                                                             Setup time       -(0.529)                 25.803  
----------------------------------------  -----------------  ---------------  --------  ---------------------  ------  
Required Time                                                                                          25.803  
Arrival Time                                                                                        -(17.910)  
----------------------------------------  -----------------  ---------------  --------  ---------------------  ------  
Path Slack  (Passed)                                                                                    7.892  



+++++++++++++++++++++++++++++++++++++++++++++++++++++++++++++++++++++ 
                    End of Detailed Report for timing paths 
+++++++++++++++++++++++++++++++++++++++++++++++++++++++++++++++++++++ 


##########################################################



===============================================================
3  Hold at Speed Grade m Corner at -40 Degrees
===============================================================

3.1  Endpoint slacks
=======================
-------------------------------------------------------
          Listing 10 End Points          |    Slack    
-------------------------------------------------------
scanner/scan_counter/count_182__i21/D    |    1.913 ns 
scanner/scan_counter/count_182__i22/D    |    1.913 ns 
scanner/scan_counter/count_182__i9/D     |    1.913 ns 
scanner/scan_counter/count_182__i10/D    |    1.913 ns 
scanner/scan_counter/count_182__i1/D     |    1.913 ns 
scanner/scan_counter/count_182__i2/D     |    1.913 ns 
scanner/scan_counter/count_182__i13/D    |    1.913 ns 
scanner/scan_counter/count_182__i14/D    |    1.913 ns 
scanner/scan_counter/count_182__i17/D    |    1.913 ns 
scanner/scan_counter/count_182__i18/D    |    1.913 ns 
-------------------------------------------------------
                                         |             
Hold # of endpoints with negative slack: |           0 
                                         |             
-------------------------------------------------------

3.2  Detailed Report
=======================


XXXXXXXXXXXXXXXXXXXXXXXXXXXXXXXXXXXXXXXXXXXXXXXXXXXXXXXXXX

Detail report of critical paths

XXXXXXXXXXXXXXXXXXXXXXXXXXXXXXXXXXXXXXXXXXXXXXXXXXXXXXXXXX

+++++++++++++++++++++++++++++++++++++++++++++++++++++++++++++++++++++ 
                    Detailed Report for timing paths 
+++++++++++++++++++++++++++++++++++++++++++++++++++++++++++++++++++++ 

++++ Path 1 ++++++++++++++++++++++++++++++++++++++++++++++++++++++++++ 

Path Begin       : scanner/scan_counter/count_182__i21/Q  (SLICE_R14C5D)
Path End         : scanner/scan_counter/count_182__i21/D  (SLICE_R14C5D)
Source Clock     : int_osc (R)
Destination Clock: int_osc (R)
Logic Level      : 2
Delay Ratio      : 46.1% (route), 53.9% (logic)
Clock Skew       : 0.000 ns 
Hold Constraint  : 0.000 ns 
Path Slack       : 1.913 ns  (Passed)


Source Clock Path
Name                                      Cell/Site Name     Delay Name       Incr   Arrival/Required Time  Fanout  
----------------------------------------  -----------------  ---------------  -----  ---------------------  ------  
hf_osc/CLKHF                              HFOSC_HFOSC_R1C32  CLOCK LATENCY    0.000                  0.000  15      
scanner/scan_counter/int_osc                                 NET DELAY        3.084                  3.084  15      
{scanner/scan_counter/count_182__i21/CK   scanner/scan_counter/count_182__i22/CK}
                                                             CLOCK PIN        0.000                  3.084  1       


Data Path
Name                                      Cell/Site Name     Delay Name       Incr   Arrival/Required Time  Fanout  
----------------------------------------  -----------------  ---------------  -----  ---------------------  ------  
scanner/scan_counter/count_182__i21/CK->scanner/scan_counter/count_182__i21/Q
                                          SLICE_R14C5D       CLK_TO_Q0_DELAY  0.779                  3.863  5       
scanner/scan_counter/count[21]                               NET DELAY        0.882                  4.745  5       
scanner/scan_counter/count_182_add_4_23/C0->scanner/scan_counter/count_182_add_4_23/S0
                                          SLICE_R14C5D       C0_TO_F0_DELAY   0.252                  4.997  1       
scanner/scan_counter/n105[21]                                NET DELAY        0.000                  4.997  1       
scanner/scan_counter/count_182__i21/D                        ENDPOINT         0.000                  4.997  1       


Destination Clock Path
Name                                      Cell/Site Name     Delay Name       Incr   Arrival/Required Time  Fanout  
----------------------------------------  -----------------  ---------------  -----  ---------------------  ------  
                                                             CONSTRAINT       0.000                  0.000  1       
hf_osc/CLKHF                              HFOSC_HFOSC_R1C32  CLOCK LATENCY    0.000                  0.000  15      
scanner/scan_counter/int_osc                                 NET DELAY        3.084                  3.084  15      
{scanner/scan_counter/count_182__i21/CK   scanner/scan_counter/count_182__i22/CK}
                                                             CLOCK PIN        0.000                  3.084  1       
                                                             Uncertainty      0.000                  3.084  
                                                             Hold time        0.000                  3.084  
----------------------------------------  -----------------  ---------------  -----  ---------------------  ------  
Required Time                                                                                       -3.084  
Arrival Time                                                                                         4.997  
----------------------------------------  -----------------  ---------------  -----  ---------------------  ------  
Path Slack  (Passed)                                                                                 1.913  




++++ Path 2 ++++++++++++++++++++++++++++++++++++++++++++++++++++++++++ 

Path Begin       : scanner/scan_counter/count_182__i22/Q  (SLICE_R14C5D)
Path End         : scanner/scan_counter/count_182__i22/D  (SLICE_R14C5D)
Source Clock     : int_osc (R)
Destination Clock: int_osc (R)
Logic Level      : 2
Delay Ratio      : 46.1% (route), 53.9% (logic)
Clock Skew       : 0.000 ns 
Hold Constraint  : 0.000 ns 
Path Slack       : 1.913 ns  (Passed)


Source Clock Path
Name                                      Cell/Site Name     Delay Name       Incr   Arrival/Required Time  Fanout  
----------------------------------------  -----------------  ---------------  -----  ---------------------  ------  
hf_osc/CLKHF                              HFOSC_HFOSC_R1C32  CLOCK LATENCY    0.000                  0.000  15      
scanner/scan_counter/int_osc                                 NET DELAY        3.084                  3.084  15      
{scanner/scan_counter/count_182__i21/CK   scanner/scan_counter/count_182__i22/CK}
                                                             CLOCK PIN        0.000                  3.084  1       


Data Path
Name                                      Cell/Site Name     Delay Name       Incr   Arrival/Required Time  Fanout  
----------------------------------------  -----------------  ---------------  -----  ---------------------  ------  
scanner/scan_counter/count_182__i22/CK->scanner/scan_counter/count_182__i22/Q
                                          SLICE_R14C5D       CLK_TO_Q1_DELAY  0.779                  3.863  5       
scanner/scan_counter/count[22]                               NET DELAY        0.882                  4.745  5       
scanner/scan_counter/count_182_add_4_23/C1->scanner/scan_counter/count_182_add_4_23/S1
                                          SLICE_R14C5D       C1_TO_F1_DELAY   0.252                  4.997  1       
scanner/scan_counter/n105[22]                                NET DELAY        0.000                  4.997  1       
scanner/scan_counter/count_182__i22/D                        ENDPOINT         0.000                  4.997  1       


Destination Clock Path
Name                                      Cell/Site Name     Delay Name       Incr   Arrival/Required Time  Fanout  
----------------------------------------  -----------------  ---------------  -----  ---------------------  ------  
                                                             CONSTRAINT       0.000                  0.000  1       
hf_osc/CLKHF                              HFOSC_HFOSC_R1C32  CLOCK LATENCY    0.000                  0.000  15      
scanner/scan_counter/int_osc                                 NET DELAY        3.084                  3.084  15      
{scanner/scan_counter/count_182__i21/CK   scanner/scan_counter/count_182__i22/CK}
                                                             CLOCK PIN        0.000                  3.084  1       
                                                             Uncertainty      0.000                  3.084  
                                                             Hold time        0.000                  3.084  
----------------------------------------  -----------------  ---------------  -----  ---------------------  ------  
Required Time                                                                                       -3.084  
Arrival Time                                                                                         4.997  
----------------------------------------  -----------------  ---------------  -----  ---------------------  ------  
Path Slack  (Passed)                                                                                 1.913  




++++ Path 3 ++++++++++++++++++++++++++++++++++++++++++++++++++++++++++ 

Path Begin       : scanner/scan_counter/count_182__i9/Q  (SLICE_R14C4B)
Path End         : scanner/scan_counter/count_182__i9/D  (SLICE_R14C4B)
Source Clock     : int_osc (R)
Destination Clock: int_osc (R)
Logic Level      : 2
Delay Ratio      : 46.1% (route), 53.9% (logic)
Clock Skew       : 0.000 ns 
Hold Constraint  : 0.000 ns 
Path Slack       : 1.913 ns  (Passed)


Source Clock Path
Name                                      Cell/Site Name     Delay Name       Incr   Arrival/Required Time  Fanout  
----------------------------------------  -----------------  ---------------  -----  ---------------------  ------  
hf_osc/CLKHF                              HFOSC_HFOSC_R1C32  CLOCK LATENCY    0.000                  0.000  15      
scanner/scan_counter/int_osc                                 NET DELAY        3.084                  3.084  15      
{scanner/scan_counter/count_182__i9/CK   scanner/scan_counter/count_182__i10/CK}
                                                             CLOCK PIN        0.000                  3.084  1       


Data Path
Name                                      Cell/Site Name     Delay Name       Incr   Arrival/Required Time  Fanout  
----------------------------------------  -----------------  ---------------  -----  ---------------------  ------  
scanner/scan_counter/count_182__i9/CK->scanner/scan_counter/count_182__i9/Q
                                          SLICE_R14C4B       CLK_TO_Q0_DELAY  0.779                  3.863  5       
scanner/scan_counter/count[9]                                NET DELAY        0.882                  4.745  5       
scanner/scan_counter/count_182_add_4_11/C0->scanner/scan_counter/count_182_add_4_11/S0
                                          SLICE_R14C4B       C0_TO_F0_DELAY   0.252                  4.997  1       
scanner/scan_counter/n105[9]                                 NET DELAY        0.000                  4.997  1       
scanner/scan_counter/count_182__i9/D                         ENDPOINT         0.000                  4.997  1       


Destination Clock Path
Name                                      Cell/Site Name     Delay Name       Incr   Arrival/Required Time  Fanout  
----------------------------------------  -----------------  ---------------  -----  ---------------------  ------  
                                                             CONSTRAINT       0.000                  0.000  1       
hf_osc/CLKHF                              HFOSC_HFOSC_R1C32  CLOCK LATENCY    0.000                  0.000  15      
scanner/scan_counter/int_osc                                 NET DELAY        3.084                  3.084  15      
{scanner/scan_counter/count_182__i9/CK   scanner/scan_counter/count_182__i10/CK}
                                                             CLOCK PIN        0.000                  3.084  1       
                                                             Uncertainty      0.000                  3.084  
                                                             Hold time        0.000                  3.084  
----------------------------------------  -----------------  ---------------  -----  ---------------------  ------  
Required Time                                                                                       -3.084  
Arrival Time                                                                                         4.997  
----------------------------------------  -----------------  ---------------  -----  ---------------------  ------  
Path Slack  (Passed)                                                                                 1.913  




++++ Path 4 ++++++++++++++++++++++++++++++++++++++++++++++++++++++++++ 

Path Begin       : scanner/scan_counter/count_182__i10/Q  (SLICE_R14C4B)
Path End         : scanner/scan_counter/count_182__i10/D  (SLICE_R14C4B)
Source Clock     : int_osc (R)
Destination Clock: int_osc (R)
Logic Level      : 2
Delay Ratio      : 46.1% (route), 53.9% (logic)
Clock Skew       : 0.000 ns 
Hold Constraint  : 0.000 ns 
Path Slack       : 1.913 ns  (Passed)


Source Clock Path
Name                                      Cell/Site Name     Delay Name       Incr   Arrival/Required Time  Fanout  
----------------------------------------  -----------------  ---------------  -----  ---------------------  ------  
hf_osc/CLKHF                              HFOSC_HFOSC_R1C32  CLOCK LATENCY    0.000                  0.000  15      
scanner/scan_counter/int_osc                                 NET DELAY        3.084                  3.084  15      
{scanner/scan_counter/count_182__i9/CK   scanner/scan_counter/count_182__i10/CK}
                                                             CLOCK PIN        0.000                  3.084  1       


Data Path
Name                                      Cell/Site Name     Delay Name       Incr   Arrival/Required Time  Fanout  
----------------------------------------  -----------------  ---------------  -----  ---------------------  ------  
scanner/scan_counter/count_182__i10/CK->scanner/scan_counter/count_182__i10/Q
                                          SLICE_R14C4B       CLK_TO_Q1_DELAY  0.779                  3.863  5       
scanner/scan_counter/count[10]                               NET DELAY        0.882                  4.745  5       
scanner/scan_counter/count_182_add_4_11/C1->scanner/scan_counter/count_182_add_4_11/S1
                                          SLICE_R14C4B       C1_TO_F1_DELAY   0.252                  4.997  1       
scanner/scan_counter/n105[10]                                NET DELAY        0.000                  4.997  1       
scanner/scan_counter/count_182__i10/D                        ENDPOINT         0.000                  4.997  1       


Destination Clock Path
Name                                      Cell/Site Name     Delay Name       Incr   Arrival/Required Time  Fanout  
----------------------------------------  -----------------  ---------------  -----  ---------------------  ------  
                                                             CONSTRAINT       0.000                  0.000  1       
hf_osc/CLKHF                              HFOSC_HFOSC_R1C32  CLOCK LATENCY    0.000                  0.000  15      
scanner/scan_counter/int_osc                                 NET DELAY        3.084                  3.084  15      
{scanner/scan_counter/count_182__i9/CK   scanner/scan_counter/count_182__i10/CK}
                                                             CLOCK PIN        0.000                  3.084  1       
                                                             Uncertainty      0.000                  3.084  
                                                             Hold time        0.000                  3.084  
----------------------------------------  -----------------  ---------------  -----  ---------------------  ------  
Required Time                                                                                       -3.084  
Arrival Time                                                                                         4.997  
----------------------------------------  -----------------  ---------------  -----  ---------------------  ------  
Path Slack  (Passed)                                                                                 1.913  




++++ Path 5 ++++++++++++++++++++++++++++++++++++++++++++++++++++++++++ 

Path Begin       : scanner/scan_counter/count_182__i1/Q  (SLICE_R14C3B)
Path End         : scanner/scan_counter/count_182__i1/D  (SLICE_R14C3B)
Source Clock     : int_osc (R)
Destination Clock: int_osc (R)
Logic Level      : 2
Delay Ratio      : 46.1% (route), 53.9% (logic)
Clock Skew       : 0.000 ns 
Hold Constraint  : 0.000 ns 
Path Slack       : 1.913 ns  (Passed)


Source Clock Path
Name                                      Cell/Site Name     Delay Name       Incr   Arrival/Required Time  Fanout  
----------------------------------------  -----------------  ---------------  -----  ---------------------  ------  
hf_osc/CLKHF                              HFOSC_HFOSC_R1C32  CLOCK LATENCY    0.000                  0.000  15      
scanner/scan_counter/int_osc                                 NET DELAY        3.084                  3.084  15      
{scanner/scan_counter/count_182__i1/CK   scanner/scan_counter/count_182__i2/CK}
                                                             CLOCK PIN        0.000                  3.084  1       


Data Path
Name                                      Cell/Site Name     Delay Name       Incr   Arrival/Required Time  Fanout  
----------------------------------------  -----------------  ---------------  -----  ---------------------  ------  
scanner/scan_counter/count_182__i1/CK->scanner/scan_counter/count_182__i1/Q
                                          SLICE_R14C3B       CLK_TO_Q0_DELAY  0.779                  3.863  2       
scanner/scan_counter/count[1]                                NET DELAY        0.882                  4.745  2       
scanner/scan_counter/count_182_add_4_3/C0->scanner/scan_counter/count_182_add_4_3/S0
                                          SLICE_R14C3B       C0_TO_F0_DELAY   0.252                  4.997  1       
scanner/scan_counter/n105[1]                                 NET DELAY        0.000                  4.997  1       
scanner/scan_counter/count_182__i1/D                         ENDPOINT         0.000                  4.997  1       


Destination Clock Path
Name                                      Cell/Site Name     Delay Name       Incr   Arrival/Required Time  Fanout  
----------------------------------------  -----------------  ---------------  -----  ---------------------  ------  
                                                             CONSTRAINT       0.000                  0.000  1       
hf_osc/CLKHF                              HFOSC_HFOSC_R1C32  CLOCK LATENCY    0.000                  0.000  15      
scanner/scan_counter/int_osc                                 NET DELAY        3.084                  3.084  15      
{scanner/scan_counter/count_182__i1/CK   scanner/scan_counter/count_182__i2/CK}
                                                             CLOCK PIN        0.000                  3.084  1       
                                                             Uncertainty      0.000                  3.084  
                                                             Hold time        0.000                  3.084  
----------------------------------------  -----------------  ---------------  -----  ---------------------  ------  
Required Time                                                                                       -3.084  
Arrival Time                                                                                         4.997  
----------------------------------------  -----------------  ---------------  -----  ---------------------  ------  
Path Slack  (Passed)                                                                                 1.913  




++++ Path 6 ++++++++++++++++++++++++++++++++++++++++++++++++++++++++++ 

Path Begin       : scanner/scan_counter/count_182__i2/Q  (SLICE_R14C3B)
Path End         : scanner/scan_counter/count_182__i2/D  (SLICE_R14C3B)
Source Clock     : int_osc (R)
Destination Clock: int_osc (R)
Logic Level      : 2
Delay Ratio      : 46.1% (route), 53.9% (logic)
Clock Skew       : 0.000 ns 
Hold Constraint  : 0.000 ns 
Path Slack       : 1.913 ns  (Passed)


Source Clock Path
Name                                      Cell/Site Name     Delay Name       Incr   Arrival/Required Time  Fanout  
----------------------------------------  -----------------  ---------------  -----  ---------------------  ------  
hf_osc/CLKHF                              HFOSC_HFOSC_R1C32  CLOCK LATENCY    0.000                  0.000  15      
scanner/scan_counter/int_osc                                 NET DELAY        3.084                  3.084  15      
{scanner/scan_counter/count_182__i1/CK   scanner/scan_counter/count_182__i2/CK}
                                                             CLOCK PIN        0.000                  3.084  1       


Data Path
Name                                      Cell/Site Name     Delay Name       Incr   Arrival/Required Time  Fanout  
----------------------------------------  -----------------  ---------------  -----  ---------------------  ------  
scanner/scan_counter/count_182__i2/CK->scanner/scan_counter/count_182__i2/Q
                                          SLICE_R14C3B       CLK_TO_Q1_DELAY  0.779                  3.863  2       
scanner/scan_counter/count[2]                                NET DELAY        0.882                  4.745  2       
scanner/scan_counter/count_182_add_4_3/C1->scanner/scan_counter/count_182_add_4_3/S1
                                          SLICE_R14C3B       C1_TO_F1_DELAY   0.252                  4.997  1       
scanner/scan_counter/n105[2]                                 NET DELAY        0.000                  4.997  1       
scanner/scan_counter/count_182__i2/D                         ENDPOINT         0.000                  4.997  1       


Destination Clock Path
Name                                      Cell/Site Name     Delay Name       Incr   Arrival/Required Time  Fanout  
----------------------------------------  -----------------  ---------------  -----  ---------------------  ------  
                                                             CONSTRAINT       0.000                  0.000  1       
hf_osc/CLKHF                              HFOSC_HFOSC_R1C32  CLOCK LATENCY    0.000                  0.000  15      
scanner/scan_counter/int_osc                                 NET DELAY        3.084                  3.084  15      
{scanner/scan_counter/count_182__i1/CK   scanner/scan_counter/count_182__i2/CK}
                                                             CLOCK PIN        0.000                  3.084  1       
                                                             Uncertainty      0.000                  3.084  
                                                             Hold time        0.000                  3.084  
----------------------------------------  -----------------  ---------------  -----  ---------------------  ------  
Required Time                                                                                       -3.084  
Arrival Time                                                                                         4.997  
----------------------------------------  -----------------  ---------------  -----  ---------------------  ------  
Path Slack  (Passed)                                                                                 1.913  




++++ Path 7 ++++++++++++++++++++++++++++++++++++++++++++++++++++++++++ 

Path Begin       : scanner/scan_counter/count_182__i13/Q  (SLICE_R14C4D)
Path End         : scanner/scan_counter/count_182__i13/D  (SLICE_R14C4D)
Source Clock     : int_osc (R)
Destination Clock: int_osc (R)
Logic Level      : 2
Delay Ratio      : 46.1% (route), 53.9% (logic)
Clock Skew       : 0.000 ns 
Hold Constraint  : 0.000 ns 
Path Slack       : 1.913 ns  (Passed)


Source Clock Path
Name                                      Cell/Site Name     Delay Name       Incr   Arrival/Required Time  Fanout  
----------------------------------------  -----------------  ---------------  -----  ---------------------  ------  
hf_osc/CLKHF                              HFOSC_HFOSC_R1C32  CLOCK LATENCY    0.000                  0.000  15      
scanner/scan_counter/int_osc                                 NET DELAY        3.084                  3.084  15      
{scanner/scan_counter/count_182__i13/CK   scanner/scan_counter/count_182__i14/CK}
                                                             CLOCK PIN        0.000                  3.084  1       


Data Path
Name                                      Cell/Site Name     Delay Name       Incr   Arrival/Required Time  Fanout  
----------------------------------------  -----------------  ---------------  -----  ---------------------  ------  
scanner/scan_counter/count_182__i13/CK->scanner/scan_counter/count_182__i13/Q
                                          SLICE_R14C4D       CLK_TO_Q0_DELAY  0.779                  3.863  5       
scanner/scan_counter/count[13]                               NET DELAY        0.882                  4.745  5       
scanner/scan_counter/count_182_add_4_15/C0->scanner/scan_counter/count_182_add_4_15/S0
                                          SLICE_R14C4D       C0_TO_F0_DELAY   0.252                  4.997  1       
scanner/scan_counter/n105[13]                                NET DELAY        0.000                  4.997  1       
scanner/scan_counter/count_182__i13/D                        ENDPOINT         0.000                  4.997  1       


Destination Clock Path
Name                                      Cell/Site Name     Delay Name       Incr   Arrival/Required Time  Fanout  
----------------------------------------  -----------------  ---------------  -----  ---------------------  ------  
                                                             CONSTRAINT       0.000                  0.000  1       
hf_osc/CLKHF                              HFOSC_HFOSC_R1C32  CLOCK LATENCY    0.000                  0.000  15      
scanner/scan_counter/int_osc                                 NET DELAY        3.084                  3.084  15      
{scanner/scan_counter/count_182__i13/CK   scanner/scan_counter/count_182__i14/CK}
                                                             CLOCK PIN        0.000                  3.084  1       
                                                             Uncertainty      0.000                  3.084  
                                                             Hold time        0.000                  3.084  
----------------------------------------  -----------------  ---------------  -----  ---------------------  ------  
Required Time                                                                                       -3.084  
Arrival Time                                                                                         4.997  
----------------------------------------  -----------------  ---------------  -----  ---------------------  ------  
Path Slack  (Passed)                                                                                 1.913  




++++ Path 8 ++++++++++++++++++++++++++++++++++++++++++++++++++++++++++ 

Path Begin       : scanner/scan_counter/count_182__i14/Q  (SLICE_R14C4D)
Path End         : scanner/scan_counter/count_182__i14/D  (SLICE_R14C4D)
Source Clock     : int_osc (R)
Destination Clock: int_osc (R)
Logic Level      : 2
Delay Ratio      : 46.1% (route), 53.9% (logic)
Clock Skew       : 0.000 ns 
Hold Constraint  : 0.000 ns 
Path Slack       : 1.913 ns  (Passed)


Source Clock Path
Name                                      Cell/Site Name     Delay Name       Incr   Arrival/Required Time  Fanout  
----------------------------------------  -----------------  ---------------  -----  ---------------------  ------  
hf_osc/CLKHF                              HFOSC_HFOSC_R1C32  CLOCK LATENCY    0.000                  0.000  15      
scanner/scan_counter/int_osc                                 NET DELAY        3.084                  3.084  15      
{scanner/scan_counter/count_182__i13/CK   scanner/scan_counter/count_182__i14/CK}
                                                             CLOCK PIN        0.000                  3.084  1       


Data Path
Name                                      Cell/Site Name     Delay Name       Incr   Arrival/Required Time  Fanout  
----------------------------------------  -----------------  ---------------  -----  ---------------------  ------  
scanner/scan_counter/count_182__i14/CK->scanner/scan_counter/count_182__i14/Q
                                          SLICE_R14C4D       CLK_TO_Q1_DELAY  0.779                  3.863  4       
scanner/scan_counter/count[14]                               NET DELAY        0.882                  4.745  4       
scanner/scan_counter/count_182_add_4_15/C1->scanner/scan_counter/count_182_add_4_15/S1
                                          SLICE_R14C4D       C1_TO_F1_DELAY   0.252                  4.997  1       
scanner/scan_counter/n105[14]                                NET DELAY        0.000                  4.997  1       
scanner/scan_counter/count_182__i14/D                        ENDPOINT         0.000                  4.997  1       


Destination Clock Path
Name                                      Cell/Site Name     Delay Name       Incr   Arrival/Required Time  Fanout  
----------------------------------------  -----------------  ---------------  -----  ---------------------  ------  
                                                             CONSTRAINT       0.000                  0.000  1       
hf_osc/CLKHF                              HFOSC_HFOSC_R1C32  CLOCK LATENCY    0.000                  0.000  15      
scanner/scan_counter/int_osc                                 NET DELAY        3.084                  3.084  15      
{scanner/scan_counter/count_182__i13/CK   scanner/scan_counter/count_182__i14/CK}
                                                             CLOCK PIN        0.000                  3.084  1       
                                                             Uncertainty      0.000                  3.084  
                                                             Hold time        0.000                  3.084  
----------------------------------------  -----------------  ---------------  -----  ---------------------  ------  
Required Time                                                                                       -3.084  
Arrival Time                                                                                         4.997  
----------------------------------------  -----------------  ---------------  -----  ---------------------  ------  
Path Slack  (Passed)                                                                                 1.913  




++++ Path 9 ++++++++++++++++++++++++++++++++++++++++++++++++++++++++++ 

Path Begin       : scanner/scan_counter/count_182__i17/Q  (SLICE_R14C5B)
Path End         : scanner/scan_counter/count_182__i17/D  (SLICE_R14C5B)
Source Clock     : int_osc (R)
Destination Clock: int_osc (R)
Logic Level      : 2
Delay Ratio      : 46.1% (route), 53.9% (logic)
Clock Skew       : 0.000 ns 
Hold Constraint  : 0.000 ns 
Path Slack       : 1.913 ns  (Passed)


Source Clock Path
Name                                      Cell/Site Name     Delay Name       Incr   Arrival/Required Time  Fanout  
----------------------------------------  -----------------  ---------------  -----  ---------------------  ------  
hf_osc/CLKHF                              HFOSC_HFOSC_R1C32  CLOCK LATENCY    0.000                  0.000  15      
scanner/scan_counter/int_osc                                 NET DELAY        3.084                  3.084  15      
{scanner/scan_counter/count_182__i17/CK   scanner/scan_counter/count_182__i18/CK}
                                                             CLOCK PIN        0.000                  3.084  1       


Data Path
Name                                      Cell/Site Name     Delay Name       Incr   Arrival/Required Time  Fanout  
----------------------------------------  -----------------  ---------------  -----  ---------------------  ------  
scanner/scan_counter/count_182__i17/CK->scanner/scan_counter/count_182__i17/Q
                                          SLICE_R14C5B       CLK_TO_Q0_DELAY  0.779                  3.863  5       
scanner/scan_counter/count[17]                               NET DELAY        0.882                  4.745  5       
scanner/scan_counter/count_182_add_4_19/C0->scanner/scan_counter/count_182_add_4_19/S0
                                          SLICE_R14C5B       C0_TO_F0_DELAY   0.252                  4.997  1       
scanner/scan_counter/n105[17]                                NET DELAY        0.000                  4.997  1       
scanner/scan_counter/count_182__i17/D                        ENDPOINT         0.000                  4.997  1       


Destination Clock Path
Name                                      Cell/Site Name     Delay Name       Incr   Arrival/Required Time  Fanout  
----------------------------------------  -----------------  ---------------  -----  ---------------------  ------  
                                                             CONSTRAINT       0.000                  0.000  1       
hf_osc/CLKHF                              HFOSC_HFOSC_R1C32  CLOCK LATENCY    0.000                  0.000  15      
scanner/scan_counter/int_osc                                 NET DELAY        3.084                  3.084  15      
{scanner/scan_counter/count_182__i17/CK   scanner/scan_counter/count_182__i18/CK}
                                                             CLOCK PIN        0.000                  3.084  1       
                                                             Uncertainty      0.000                  3.084  
                                                             Hold time        0.000                  3.084  
----------------------------------------  -----------------  ---------------  -----  ---------------------  ------  
Required Time                                                                                       -3.084  
Arrival Time                                                                                         4.997  
----------------------------------------  -----------------  ---------------  -----  ---------------------  ------  
Path Slack  (Passed)                                                                                 1.913  




++++ Path 10 ++++++++++++++++++++++++++++++++++++++++++++++++++++++++++ 

Path Begin       : scanner/scan_counter/count_182__i18/Q  (SLICE_R14C5B)
Path End         : scanner/scan_counter/count_182__i18/D  (SLICE_R14C5B)
Source Clock     : int_osc (R)
Destination Clock: int_osc (R)
Logic Level      : 2
Delay Ratio      : 46.1% (route), 53.9% (logic)
Clock Skew       : 0.000 ns 
Hold Constraint  : 0.000 ns 
Path Slack       : 1.913 ns  (Passed)


Source Clock Path
Name                                      Cell/Site Name     Delay Name       Incr   Arrival/Required Time  Fanout  
----------------------------------------  -----------------  ---------------  -----  ---------------------  ------  
hf_osc/CLKHF                              HFOSC_HFOSC_R1C32  CLOCK LATENCY    0.000                  0.000  15      
scanner/scan_counter/int_osc                                 NET DELAY        3.084                  3.084  15      
{scanner/scan_counter/count_182__i17/CK   scanner/scan_counter/count_182__i18/CK}
                                                             CLOCK PIN        0.000                  3.084  1       


Data Path
Name                                      Cell/Site Name     Delay Name       Incr   Arrival/Required Time  Fanout  
----------------------------------------  -----------------  ---------------  -----  ---------------------  ------  
scanner/scan_counter/count_182__i18/CK->scanner/scan_counter/count_182__i18/Q
                                          SLICE_R14C5B       CLK_TO_Q1_DELAY  0.779                  3.863  5       
scanner/scan_counter/count[18]                               NET DELAY        0.882                  4.745  5       
scanner/scan_counter/count_182_add_4_19/C1->scanner/scan_counter/count_182_add_4_19/S1
                                          SLICE_R14C5B       C1_TO_F1_DELAY   0.252                  4.997  1       
scanner/scan_counter/n105[18]                                NET DELAY        0.000                  4.997  1       
scanner/scan_counter/count_182__i18/D                        ENDPOINT         0.000                  4.997  1       


Destination Clock Path
Name                                      Cell/Site Name     Delay Name       Incr   Arrival/Required Time  Fanout  
----------------------------------------  -----------------  ---------------  -----  ---------------------  ------  
                                                             CONSTRAINT       0.000                  0.000  1       
hf_osc/CLKHF                              HFOSC_HFOSC_R1C32  CLOCK LATENCY    0.000                  0.000  15      
scanner/scan_counter/int_osc                                 NET DELAY        3.084                  3.084  15      
{scanner/scan_counter/count_182__i17/CK   scanner/scan_counter/count_182__i18/CK}
                                                             CLOCK PIN        0.000                  3.084  1       
                                                             Uncertainty      0.000                  3.084  
                                                             Hold time        0.000                  3.084  
----------------------------------------  -----------------  ---------------  -----  ---------------------  ------  
Required Time                                                                                       -3.084  
Arrival Time                                                                                         4.997  
----------------------------------------  -----------------  ---------------  -----  ---------------------  ------  
Path Slack  (Passed)                                                                                 1.913  



+++++++++++++++++++++++++++++++++++++++++++++++++++++++++++++++++++++ 
                    End of Detailed Report for timing paths 
+++++++++++++++++++++++++++++++++++++++++++++++++++++++++++++++++++++ 


##########################################################



